Source,Region,Category,Headline,Description
Financial Times,World,None found,Eurogroup fails to land deal on coronavirus economic response  ,Ministers will reconvene on Thursday after marathon all-night talks fail to shift red lines
Financial Times,World,Coronavirus,Coronavirus latest: Global Covid-19 case count rises above 1.4m,None found
Financial Times,World,Coronavirus,Trump threatens to freeze funding for WHO,None found
Financial Times,World,Coronavirus,EU science chief resigns with blast at coronavirus response,None found
Financial Times,World,Markets Briefing,European stocks slip after ministers fail to agree on virus response,None found
Financial Times,World,Property sector,New York luxury towers quake as coronavirus hits property market,Highly leveraged developers struggle to sell units that can be priced above $50m
Financial Times,World,Coronavirus,Singapore fights third wave of coronavirus infections,New outbreaks in city-state and Hong Kong show difficulty of returning to normality
Financial Times,World,Europe,Europe watches as countries slowly emerge from lockdown,"Czech Republic, Austria and Denmark benefited from rapid response, experts say"
Financial Times,World,The Big Read,Tracking coronavirus: big data and the challenge to privacy,European demands for information from smartphones are raising fears over the reach of state surveillance
Financial Times,World,Coronavirus,Wuhan’s liberation greeted with anger and anxiety,None found
Financial Times,World,Managing yourself,Zoom in on your lockdown meeting techniques,It is hard to project authority online — but pretending you are on TV will help
Financial Times,World,Brooke Masters,Supply chains need love during the pandemic,Companies should pull out the stops to support critical suppliers now and prepare to resume production
Financial Times,World,US politics & policy,Trump removes watchdog tapped to oversee virus relief,Democrats attack demotion of acting Pentagon inspector-general Glenn Fine
Financial Times,World,Japanese business & finance,Japan’s corporate cash-hoarders have moment in sun,Virus’s swift and unforgiving economic effect may silence activists
Financial Times,World,Currencies,Companies scrap currency hedges as they seek to preserve cash,"Virus shutdowns have brought revenues to a halt, prompting groups to cancel contracts"
Financial Times,World,Luckin Coffee Inc,Luckin chief looks to limit scandal fallout,Lu Zhengyao seeks to distance himself from his other companies after alleged fake sales found 
Financial Times,World,Iraq,Iraq warns over threat to public sector pay from oil price collapse,Prime minister designate says government could be unable to pay half of the salaries of 3m-strong workforce next month
Financial Times,World,Coronavirus: free to read,Coronavirus tracked: the latest figures as the pandemic spreads,The FT analyses the scale of outbreaks and the number of deaths in countries around the world
Financial Times,World,Middle Eastern economy,Arab world’s middle-income nations face tough coronavirus choices,Countries from Jordan to Egypt will struggle to mitigate the pandemic’s economic impact
Financial Times,World,Coronavirus,The UK economic fallout from coronavirus in numbers,Myriad data sets suggest contraction is set to be one of the deepest recessions since 1900 
Financial Times,World,Norma Cohen,What the first world war tells us about battling coronavirus ,None found
Financial Times,World,Coronavirus,Swiss group says its machines can conduct 30m virus antibody tests this year  ,None found
Financial Times,World,Coronavirus,Live Q&A: ask the FT about China’s coronavirus response and technology,None found
Financial Times,World,Equities,Companies rush to tap equity markets for cash to ride out downturn,Investors expected to favour groups that entered crisis with strong balance sheets
Financial Times,World,US financial regulation,US regulators praise market ‘resilience’ after March stress test,CFTC and SEC officials say financial system held up thanks to crisis-era reforms
Financial Times,World,Financial & markets regulation,French markets regulator backs extension of short-selling ban,AMF chairman cites uncertainty around dividends and coming downgrades to credit ratings
Financial Times,World,Equities,Equity market rally runs out of steam,None found
Financial Times,World,Emerging market investing,Emerging market stocks drop to record discount to US,None found
Financial Times,World,Share buybacks,Stock buybacks expected to halve as companies bolster defences ,None found
Financial Times,World,Australia,Rains bring drought relief and hope to Australian farmers,Agriculture targets A$100bn sales as it sets its sights on becoming Asia’s ‘food bowl’
Financial Times,World,Trade Secrets,"Asia trade at risk of suffering long-term hit, warns development bank Premium",Developing countries most open to trade or dependent on tourism likely to be hardest hit
Financial Times,World,Tom Mitchell,Why China’s state oil company merger looks like an unusual step,"CNPC, Sinopec and Cnooc are being forced to hand over the valuable pipelines that form the backbone of their respective monopolies"
Financial Times,World,Semiconductors,Chinese move to take control of Imagination Technologies stalls,UK government steps in over fate of UK chipmaker ahead of emergency board meeting
Financial Times,World,None found,Boris Johnson remains in intensive care after no change in condition,None found
Financial Times,World,None found,Imperial’s Neil Ferguson: “We don’t have a clear exit strategy”,None found
Financial Times,World,None found,Equity market rally runs out of steam,None found
Financial Times,World,None found,Why scrapping dividends is a capital idea,None found
Financial Times,World,None found,UK private schools feel pandemic squeeze,None found
Financial Times,World,Tom Mitchell,Why China’s state oil company merger looks like an unusual step,"CNPC, Sinopec and Cnooc are being forced to hand over the valuable pipelines that form the backbone of their respective monopolies"
Financial Times,World,Martin Wolf,We must focus attention on our next steps,None found
Financial Times,World,Anjana Ahuja,Marshalling a crowd to launch a moonshot against Covid-19,None found
Financial Times,World,The editorial board,Trump’s risky fixation on unproven therapies,None found
Financial Times,World,Robert Shrimsley,Wishing this Passover night was more like other nights,None found
Financial Times,World,Frederick Studemann,When lockdown literature has a sting in its tale,None found
Financial Times,World,John Flint,"Healthcare, like banking, needs buffers to survive a shock",None found
Financial Times,World,Ivan Krastev,Copycat coronavirus policies will soon come to an end,None found
Financial Times,World,Global Insight,Economists are united in support of the coronavirus lockdown,None found
Financial Times,World,Richard Russell (XL Recordings),Richard Russell: the XL Recordings boss who’d rather make music,The record label founder has a glittering CV and Adele on his roster but is going back into the studio to make his ‘rave album’
Financial Times,World,Oil & Gas industry,Canada’s oil groups battle for survival,Sector scrambles to staunch crude output after local price sinks below $5 a barrel   
Financial Times,World,Australia,Rains bring drought relief and hope to Australian farmers,Agriculture targets A$100bn sales as it sets its sights on becoming Asia’s ‘food bowl’
Financial Times,World,Market Forces,A dawn of guarded optimism  Premium,None found
Financial Times,World,Jonathan Black,What are good — and less expensive — alternatives to an MBA?,None found
Financial Times,World,The Big Read,Energy: how Texas learned to love solar power,None found
Financial Times,World,We Company,WeWork sues SoftBank for backing out of $3bn deal,Move escalates hostilities between investors who helped drive sky-high valuation of office group before its crash last year
Financial Times,World,Tech Scroll Asia,Asia’s tech start-ups hit by liquidity crunch,"Tech Scroll Asia, your guide to the billions made and lost in Asia tech"
Financial Times,World,The Big Read,Tracking coronavirus: big data and the challenge to privacy,European demands for information from smartphones are raising fears over the reach of state surveillance
Financial Times,World,Coronavirus,Live Q&A: ask the FT about China’s coronavirus response and technology,None found
Financial Times,World,Managing yourself,Zoom in on your lockdown meeting techniques,None found
Financial Times,World,#techFT,Tech’s wild Covid-19 earnings season,None found
Financial Times,World,Style,Hair: is it time to shave it all off?,None found
Financial Times,World,Michael Skapinker,Frequent flyer: how we fell out of love with the airlines,None found
Financial Times,World,Travel,Postcard from Turkey: the 73-year-old running through a crisis,None found
Financial Times,World,Books,Best books of the week,None found
Channel News Asia,Asia,Asia,Careful first steps back to normality for Wuhan residents as COVID-19 lockdown is lifted,None Found
Channel News Asia,Asia,Asia,Hong Kong extends social distancing restrictions to contain COVID-19,None Found
Channel News Asia,Asia,Asia,'Painful lesson': How a military-style lockdown unfolded in Wuhan,None Found
Channel News Asia,Asia,Asia,"COVID-19: Jakarta's low-wage workers hard hit by layoffs, forced unpaid leave",None Found
Channel News Asia,Asia,Commentary,Commentary: Indonesia’s COVID-19 fight has deeper challenges,None Found
Channel News Asia,Asia,Asia,Gulf states urged to unblock internet calls in response to pandemic,None Found
Channel News Asia,Asia,Asia,"Thailand reports 111 new coronavirus cases, 3 more deaths",None Found
Channel News Asia,Asia,Asia,"Trains full on first day of Japan's COVID-19 emergency, but some shops shut",None Found
Channel News Asia,Asia,Business,Main points of Japan's US$1 trillion COVID-19 emergency package,None Found
Channel News Asia,Asia,Asia,China snake village scales down as COVID-19 prompts wildlife trade ban,None Found
Channel News Asia,Asia,Asia,"North Korea testing, quarantining for COVID-19: WHO",None Found
Channel News Asia,Asia,Asia,Mumbai set to extend coronavirus lockdown: Sources,None Found
Channel News Asia,Asia,Asia,Jakarta coffin maker faces gruelling days as coronavirus death toll climbs,None Found
Channel News Asia,Asia,Business,COVID-19: Korean Air puts 70% of staff on leave,None Found
Channel News Asia,Asia,Asia,COVID-19 may spark 'devastating' global condom shortage,None Found
Channel News Asia,Asia,Asia,"Philippines reports five new deaths, 106 more coronavirus cases",None Found
Channel News Asia,Asia,Asia,Killer of Bangladesh's founding leader faces execution 45 years on,None Found
Channel News Asia,Asia,Asia,From Pyongyang to Gangnam: The ex-North Korean diplomat on the ballot in Seoul,None Found
Channel News Asia,Asia,Asia,"Beasts of burden: 'If there’s no blood, how can it be afraid?' - The making and breaking of Thailand's elephants",None Found
Channel News Asia,Asia,Asia,Behind the show: The making and breaking of Thailand’s elephants | Video,None Found
Channel News Asia,Asia,Asia,Beasts of burden: A young elephant's journey to salvation,None Found
Channel News Asia,Asia,Asia,Taste of freedom: An abused young elephant's rescue from captivity | Video,None Found
Channel News Asia,Asia,Asia,Malaysian SMEs struggle to stay afloat amid COVID-19 movement order | Video,None Found
Channel News Asia,Asia,Asia,Impact of COVID-19 pandemic on Qing Ming festival rituals in Taiwan | Video,None Found
Channel News Asia,Asia,Asia,Urban poor in Philippines' Luzon face consequences of enhanced community quarantine | Video,None Found
Channel News Asia,Asia,Asia,Debate in India over cow excreta for medicinal purposes amid COVID-19 pandemic | Video,None Found
Channel News Asia,Asia,Asia,India’s poor face anxiety during three-week lockdown to stem COVID-19 | Video,None Found
Channel News Asia,Asia,Asia,"Malaysia steps up containment measures, medical care capacity to deal with COVID-19 outbreak | Video",None Found
Channel News Asia,Asia,Asia,Defectors from North Korea to contest South Korea parliamentary elections | Video,None Found
Channel News Asia,Asia,Asia,COVID-19: A different kind of celebration for new employees in Japan | Video,None Found
Channel News Asia,Asia,Asia,COVID-19: Tougher safe distancing measures across Vietnam | Video,None Found
Channel News Asia,Asia,Asia,COVID-19: Mandatory face masks on trains and inter-city buses in Taiwan | Video,None Found
Channel News Asia,Asia,News Clips,Singapore doctor helps refugees in Afghanistan,None Found
Channel News Asia,Asia,Singapore,Indonesia’s new capital,None Found
Channel News Asia,Asia,CNA Insider,Why Jakarta is sinking ,None Found
Channel News Asia,Asia,CNA Insider,Is a ‘one Malaysian race’ out of reach?,None Found
Channel News Asia,Asia,Asia,Pacific's monster storm Harold moves on to Fiji ,None Found
Channel News Asia,Asia,Asia,'Wuhan virus' no more: US and China in truce,None Found
Channel News Asia,Asia,Asia,"Indonesian capital Jakarta to close schools, workplaces to curb coronavirus outbreak",None Found
Channel News Asia,Asia,Asia,"In a first, China knocks US from top spot in global patent race",None Found
Channel News Asia,Asia,Asia,"Vietnam donates 550,000 masks to EU countries in coronavirus fight",None Found
Channel News Asia,Asia,Asia,Two South Koreans recover from COVID-19 after plasma therapy,None Found
Channel News Asia,Asia,Asia,Malaysia announces 170 new COVID-19 cases and one more death,None Found
Channel News Asia,Asia,Asia,Trainee doctors in Tokyo test positive for COVID-19 after party,None Found
Channel News Asia,Asia,Asia,"No evidence of pets transmitting COVID-19 to humans, says Malaysia’s veterinary services department ",None Found
Channel News Asia,Asia,Asia,Beijing-backed AIIB approves emergency loan to China to help with coronavirus response,None Found
Channel News Asia,Asia,Asia,Malaysian Health Ministry urges workers in Singapore to stay on for 2 weeks amid circuit breaker measures,None Found
Channel News Asia,Asia,Asia,Japan ends Olympic flame display due to coronavirus,None Found
Channel News Asia,Asia,Asia,Indian leaders hesitate to end world's biggest coronavirus lockdown,None Found
Channel News Asia,Asia,Asia,Indonesia grants Jakarta more powers to tackle COVID-19 outbreak,None Found
Channel News Asia,Asia,Asia,"Japan declares COVID-19 state of emergency, prepares nearly US$1 trillion stimulus",None Found
Channel News Asia,Asia,Asia,"A city traumatised: Lockdown easing, Wuhan residents fret over future",None Found
Channel News Asia,Asia,Asia,COVID-19: India eases malaria drug export ban after Trump threat,None Found
Channel News Asia,Asia,Asia,Commentary: E-learning sees no smooth sailing in Malaysia and Indonesia,None Found
Channel News Asia,Asia,Asia,Robots replace Japanese students at graduation amid coronavirus,None Found
Channel News Asia,Asia,Asia,Chinese football agonises over wage cuts in face of COVID-19,None Found
Channel News Asia,Asia,Asia,Prisoners around the world dread COVID-19 outbreak in race against time,None Found
Channel News Asia,Asia,Asia,Hundreds of abandoned animals die at Pakistan pet markets,None Found
Channel News Asia,Asia,Asia,Scammers try selling world's tallest statue as COVID-19 pandemic boosts India's cyber crime,None Found
